"Country","Name","Url"
"CN","CCTV-15 (1080p)","https://xykt-fix.github.io/play/a02e/index.m3u8"
"CN","CCTV-15 (720p)","http://74.91.26.218:82/live/cctv15hd.m3u8"
"CN","Hebei TV (2160p)","https://event.pull.hebtv.com/live/live101.m3u8"
"CN","灞变笢浣撹偛 (1080p) [Geo-blocked]","http://livealone302.iqilu.com/iqilu/typd.m3u8"
"CN","灞辫タ鍗 (2160p)","http://118.81.195.79:9003/hls/19/index.m3u8"
"CN","骞胯タ鍗 (576p)","http://118.81.195.79:9003/hls/27/index.m3u8"
"CN","姹熻嫃浣撹偛 (576p)","http://183.207.248.71/gitv/live1/G_JSTY/G_JSTY"
"CN","姹熻嫃浣撹偛 (576p)","http://183.207.249.12/PLTV/4/224/3221225935/index.m3u8"
"CN","姹熻嫃浣撹偛 (576p)","http://223.110.245.157/ott.js.chinamobile.com/PLTV/3/224/3221225935/index.m3u8"
"CN","姹熻タ鍗 (1080p)","http://39.134.115.163:8080/PLTV/88888910/224/3221225705/index.m3u8"
"CN","姹熻タ鍗 (1080p)","http://39.134.115.163:8080/PLTV/88888910/224/3221225746/index.m3u8"
"CN","姹熻タ鍗 (1080p)","http://112.25.48.68/live/program/live/jxwshd/4000000/mnf.m3u8"
"CN","姹熻タ鍗 (1080p)","http://183.207.248.71/cntv/live1/jiangxistv/jiangxistv"
"CN","姹熻タ鍗 (1080p)","http://183.207.249.11/PLTV/3/224/3221225536/index.m3u8"
"CN","姹熻タ鍗 (1080p)","http://223.110.245.170/PLTV/3/224/3221225536/index.m3u8"
"CN","姹熻タ鍗 (1080p)","http://223.110.254.199:6610/cntv/live1/jiangxistv/jiangxistv/1.m3u8"
"CN","姹熻タ鍗 (720p)","http://117.169.120.140:8080/live/jiangxistv/.m3u8"
"CN","姹熻タ鍗 (576p)","http://183.207.248.71/gitv/live1/JXWS/JXWS"
"CN","姹熻タ鍗 (576p)","http://183.207.249.15/PLTV/4/224/3221225798/index.m3u8"
"CN","姹熻タ鍗 (360p)","http://125.210.152.18:9090/live/JXWSHD_H265.m3u8"
"CN","娌冲寳鍗 (2160p)","http://118.81.195.79:9003/hls/29/index.m3u8"
"CN","闈掓捣鍗 (1080p)","http://live.geermurmt.com/qhws/sd/live.m3u8"
"CN","闈掓捣鍗 (576p)","http://39.134.115.163:8080/PLTV/88888910/224/3221225727/index.m3u8"
"CN","闈掓捣鍗 (540p)","http://112.25.48.68/live/program/live/qhws/1300000/mnf.m3u8"
"FR","Africa 24 Sport (1080p)","https://africa24.vedge.infomaniak.com/livecast/ik:africa24sport/manifest.m3u8"
"FR","Canal 32 (1080p)","https://event.vedge.infomaniak.com/livecast/ik:canal32_4/manifest.m3u8"
"FR","Canal+ Foot","https://test.946985.filegear-sg.me/proxy/ef3174f16d4557d2"
"FR","EMCI TV (288p)","https://raw.githubusercontent.com/Sibprod/streams/main/ressources/dm/py/hls/emciafrique.m3u8"
"FR","EMCI TV Europe (288p)","https://raw.githubusercontent.com/Sibprod/streams/main/ressources/dm/py/hls/emcieurope.m3u8"
"FR","Euronews Portuguese (720p)","https://6e52fb8b.wurl.com/master/f36d25e7e52f1ba8d7e56eb859c636563214f541/UmxheHhUVi1ldV9FdXJvbmV3c1BvcnR1Z3Vlc19ITFM/playlist.m3u8"
"FR","Euronews Portuguese (720p)","https://cdn-euronews.akamaized.net/live/eds/euronews-pt/25040/index.m3u8"
"FR","Canal+ (1080p)","http://151.80.18.177:86/Canal+_HD/index.m3u8"
"FR","Canal+ Cinemas (720p)","http://151.80.18.177:86/Canal+_cinema_HD/index.m3u8"
"FR","Canal+ Sport (1080p)","http://151.80.18.177:86/Canal+_sport_HD/index.m3u8"
"FR","Canal+ Family (720p)","http://151.80.18.177:86/Canal+_Family_HD/index.m3u8"
"DE","ARD-alpha (720p) [Not 24/7]","https://brlive-lh.akamaihd.net/i/bralpha_germany@119899/master.m3u8"
"DE","ARD-alpha (720p)","https://mcdn.br.de/br/fs/ard_alpha/hls/de/master.m3u8"
"DE","KaufBei TV (576p)","https://api.alpaca.t62a.com/hls/9103/index.m3u8"
"DE","KaufBei TV","https://elephant.t62a.com/hls/8103/index.m3u8"
"DE","More Than Sports TV (1080p)","https://mts1.iptv-playoutcenter.de/mts/mts-web/playlist.m3u8"
"DE","ZDF (720p) [Geo-blocked]","https://zdf-hls-15.akamaized.net/hls/live/2016498/de/high/master.m3u8"
"DE","ZDFinfo (720p) [Geo-blocked]","https://zdf-hls-17.akamaized.net/hls/live/2016500/de/high/master.m3u8"
"DE","ZDFneo (720p) [Geo-blocked]","https://zdf-hls-16.akamaized.net/hls/live/2016499/de/high/master.m3u8"
"IT","A2i TV (1080p)","https://stream.sen-gt.com/A2itv/myStream/playlist.m3u8"
"IT","ACI Sport TV (1080p)","https://webstream.multistream.it/memfs/e2cb3629-c1a2-495b-b43a-9eb386f04ed8.m3u8"
"IT","Canale 2 Altamura (576p) [Not 24/7]","https://59d7d6f47d7fc.streamlock.net/canale2/canale2/playlist.m3u8"
"IT","Canale 5 [Geo-blocked]","https://live3-mediaset-it.akamaized.net/Content/hls_h0_clr_vos/live/channel(C5)/index.m3u8"
"IT","Canale 7 (480p)","http://wms.shared.streamshow.it/canale7/canale7/playlist.m3u8"
"IT","CANALE 7 (480p)","http://wms.shared.streamshow.it/canale7/mp4:canale7/playlist.m3u8"
"IT","Canale 8 (480p)","http://wms.shared.streamshow.it/canale8/canale8/playlist.m3u8"
"IT","CANALE 8 (480p)","http://wms.shared.streamshow.it/canale8/mp4:canale8/playlist.m3u8"
"IT","Canale 10 (540p) [Not 24/7]","http://37.187.142.147:1935/ch10live/high.stream/playlist.m3u8"
"IT","Canale 21 Extra (576p)","https://0ff9dd7fe9b64bc08a5fc4ed525454c3.msvdn.net/live/S42170132/sT6C3LFaD1iA/playlist.m3u8"
"IT","DI.TV 80 (720p)","https://5f22d76e220e1.streamlock.net/ditv80/ditv80/playlist.m3u8"
"IT","GO-TV Canale 163 (720p)","https://6zklxkbbdw9b-hls-live.mariatvcdn.it/msmotor/2f759512164fc6fe4acbed6a5648993a.sdp/playlist.m3u8"
"IT","Kiss Kiss Napoli TV (720p)","https://58f12ffd2447a.streamlock.net/KKTVNapoli/livestream/playlist.m3u8"
"IT","Primocanale (1080p) [Not 24/7]","https://msh0203.stream.seeweb.it/live/flv:stream2.sdp/playlist.m3u8"
"IT","Quarto Canale Flegreo (720p)","https://live.mariatvcdn.com/dialogos/171e41deedf405f10c7dd6311387fb43.sdp/playlist.m3u8"
"IT","Radio Iglesias Sardegna (576p) [Geo-blocked]","https://59d7d6f47d7fc.streamlock.net/visualradio/visualradio/playlist.m3u8"
"IT","Rai 1 (576p) [Geo-blocked]","https://mediapolis.rai.it/relinker/relinkerServlet.htm?cont=2606803"
"IT","Rai 1 (Geo) (576p)","https://mediapolisevent.rai.it/relinker/relinkerServlet.htm?cont=2606803"
"IT","Rai 1 HD (1080p)","https://srv1.adriatelekom.com/Rai1/index.m3u8"
"IT","Rai 2 (576p) [Geo-blocked]","https://mediapolis.rai.it/relinker/relinkerServlet.htm?cont=308718"
"IT","Rai 2 HD (1080p)","https://srv1.adriatelekom.com/Rai2/index.m3u8"
"IT","Rai 3 (1080p)","https://srv1.adriatelekom.com/Rai3/index.m3u8"
"IT","Rai 3 (576p) [Geo-blocked]","https://mediapolis.rai.it/relinker/relinkerServlet.htm?cont=308709"
"IT","Rai 4 (576p) [Geo-blocked]","https://mediapolis.rai.it/relinker/relinkerServlet.htm?cont=746966"
"IT","Rai 4 (576p)","https://mediapolisevent.rai.it/relinker/relinkerServlet.htm?cont=746966"
"IT","Rai 5 (576p) [Geo-blocked]","https://mediapolis.rai.it/relinker/relinkerServlet.htm?cont=395276"
"IT","Rai Gulp (576p)","https://mediapolis.rai.it/relinker/relinkerServlet.htm?cont=746953"
"IT","Rai Gulp HD (1080p)","https://srv1.adriatelekom.com/RaiGulp/index.m3u8"
"IT","Rai Italia [Not 24/7]","http://315e5a5d.ottrast.com/iptv/MM4E93NGF5LADZ/19093/index.m3u8"
"IT","Rai Movie (576p) [Geo-blocked]","https://mediapolis.rai.it/relinker/relinkerServlet.htm?cont=747002"
"IT","Rai News 24 (720p)","https://rainews1-live.akamaized.net/hls/live/598326/rainews1/rainews1/playlist.m3u8"
"IT","Rai Premium (576p) [Geo-blocked]","https://mediapolis.rai.it/relinker/relinkerServlet.htm?cont=746992"
"IT","Rai Scuola (576p) [Geo-blocked]","https://mediapolis.rai.it/relinker/relinkerServlet.htm?cont=747011"
"IT","Rai Scuola HD (1080p)","https://srv1.adriatelekom.com/RaiScuola/index.m3u8"
"IT","Rai Sport 2","http://originstream12.rai.it/italy/raisport2_1200/master.m3u8"
"IT","Rai Sport HD (1080p)","https://srv1.adriatelekom.com/RaiSport/index.m3u8"
"IT","Rai Storia (576p) [Geo-blocked]","https://mediapolis.rai.it/relinker/relinkerServlet.htm?cont=746990"
"IT","Rai Storia HD (1080p)","https://srv1.adriatelekom.com/RaiStoria/index.m3u8"
"IT","Rai YoYo (576p) [Geo-blocked]","https://mediapolis.rai.it/relinker/relinkerServlet.htm?cont=746899"
"IT","Rossini TV (720p)","https://5cbd3bc28341f.streamlock.net:444/rossinitv_live/944A-63A6-9EB8-4492/playlist.m3u8"
"IT","RTP (404p)","https://flash2.xdevel.com/rtptv/rtptv/playlist.m3u8"
"IT","RTTR Trento (720p)","https://5f204aff97bee.streamlock.net/RTTRlive/livestream/playlist.m3u8"
"IT","Sportitalia (1080p)","https://edge-001.streamup.eu/sportitalia/sihd_abr/playlist.m3u8"
"IT","Sportitalia (720p) [Geo-blocked]","https://di-yx2saj20.vo.lswcdn.net/sportitalia/smil:sportitaliahd.smil/playlist.m3u8"
"IT","Sportitalia 24 (720p) [Geo-blocked]","https://di-yx2saj20.vo.lswcdn.net/sportitalia/smil:silive24.smil/playlist.m3u8"
"IT","Sportitalia Live 24","https://di-g7ij0rwh.vo.lswcdn.net/sportitalia/silive24.smil/playlist.m3u8"
"IT","Sportitalia Motori (720p) [Geo-blocked]","https://di-yx2saj20.vo.lswcdn.net/sportitalia/smil:simotori.smil/playlist.m3u8"
"IT","Sportitalia Solocalcio (1080p)","https://distribution.sportitalialive.it/sportitalia/sisolocalcio_abr/playlist.m3u8"
"IT","Sportitalia Solocalcio (1080p)","https://edge-001.streamup.eu/sportitalia/sisolocalcio_abr/playlist.m3u8"
"IT","Sportitalia Solocalcio (1080p)","https://italiansport-solocalcio-samsung.amagi.tv/playlist.m3u8"
"IT","Sportitalia Solocalcio (720p) [Geo-blocked]","https://di-yx2saj20.vo.lswcdn.net/sportitalia/smil:sisolocalcio.smil/playlist.m3u8"
"IT","Sportitalia SoloCalcio","https://di-g7ij0rwh.vo.lswcdn.net/sportitalia/sisolocalcio.smil/playlist.m3u8"
"IT","Sportitalia TV/Sportitalia/SI","https://di-g7ij0rwh.vo.lswcdn.net/sportitalia/sihd/playlist.m3u8"
"IT","SuperSix Lombardia (720p)","https://5db313b643fd8.streamlock.net/SUPERSIXLombardia/SUPERSIXLombardia/playlist.m3u8"
"IT","Telecolor Lombardia (1080p) [Not 24/7]","https://1aadf145546f475282c5b4e658c0ac4b.msvdn.net/live/324149/hlbAWtl/playlist.m3u8"
"IT","TR Sport (480p)","https://livetr.teleromagna.it/mia/live/playlist.m3u8"
"IT","Videolina (Sardegna) (404p) [Not 24/7]","http://livestreaming.videolina.it/live/Videolina/playlist.m3u8"
"IT","Rai Italia (576i) [Geo-blocked]","https://cignalplaymaxcdn.qzz.io/rai_italia_zte/sanjuantv/manifest.mpd"
"ES","7 TeleValencia (576p)","https://play.cdn.enetres.net/9E9557EFCEBB43A89CEC8FBD3C500247022/028/playlist.m3u8"
"ES","Alacant铆 TV (576p) [Not 24/7]","https://streaming01.gestec-video.com/hls/artequatreAlacanti.m3u8"
"ES","Arab铆 TV (1080p)","https://streamtv2.elitecomunicacion.cloud:3628/live/arabitv2025live.m3u8"
"ES","Canal 1 Mar Menor-Torre Pacheco (1080p)","https://directo.tuwebtv.es/canal1.m3u8"
"ES","Canal 3 Biar (480p) [Not 24/7]","https://avantstreaming.es/hls/canal3.m3u8"
"ES","Canal 4 Catalunya (1080p)","https://limited35.todostreaming.es/live/mitjans-livestream.m3u8"
"ES","Canal 4 Mallorca (1080p)","https://limited35.todostreaming.es/live/mitjans-livestream1.m3u8"
"ES","Canal 4 Mancha Centro (720p) [Not 24/7]","https://5924d3ad0efcf.streamlock.net/canal4/canal4live/playlist.m3u8"
"ES","Canal 10 Empord脿 (360p) [Not 24/7]","https://ventdelnord.tv:8080/escala/directe.m3u8"
"ES","Canal 24 Horas (720p)","https://ztnr.rtve.es/ztnr/1694255.m3u8"
"ES","Canal 24 Horas Canarias (720p)","https://ztnr.rtve.es/ztnr/5473142.m3u8"
"ES","Canal 24 Horas Catalunya (720p)","https://ztnr.rtve.es/ztnr/4952053.m3u8"
"ES","Canal 25 TV (1080p)","https://limited49.todostreaming.es/live/tvbarbastro-livestream.m3u8"
"ES","Canal 33 Madrid","https://media2.streambrothers.com:1936/8140/8140/playlist.m3u8"
"ES","Canal 45 (576p)","https://nlb1-live.emitstream.com/hls/625csn5et2iszm9oze65/master.m3u8"
"ES","Canal 56 (576p) [Not 24/7]","https://videos.canal56.com/directe/stream/index.m3u8"
"ES","Canal 2000 La Solana (720p) [Not 24/7]","http://canal2000.berkano-systems.net/streaming/streams/canal2000.m3u8"
"ES","Canal Co铆n (1080p)","https://canalcoin.garjim.es/hls/directo.m3u8"
"ES","Canal Diocesano (576p)","https://nlb2-live.emitstream.com/hls/5i3pxfuz4az356yu22ij/master.m3u8"
"ES","Canal Do帽ana (720p) [Not 24/7]","https://secure5.todostreaming.es/live/division-alm.m3u8"
"ES","Canal Extremadura (576p) [Not 24/7]","https://cdnlive.codev8.net/canalextremaduralive/smil:channel1DVR.smil/playlist.m3u8?DVR="
"ES","Canal Extremadura Satelite (1080p)","https://canalextremadura-live.flumotion.cloud/canalextremadura/live_all/playlist.m3u8"
"ES","Canal Luz Televisi贸n (1080p)","https://5d8d85cf2c308.streamlock.net:1936/CanalLuz/enDirecto/playlist.m3u8"
"ES","Canal M谩laga RTV (720p) [Not 24/7]","https://canalmalaga-tv-live.flumotion.com/playlist.m3u8"
"ES","Canal Parlamento (360p) [Not 24/7]","https://congresodirecto.akamaized.net/hls/live/2037973/canalparlamento/master.m3u8"
"ES","Canal San Roque (1080p) [Not 24/7]","https://cdnlivevlc.codev8.net/aytosanroquelive/smil:channel1.smil/playlist.m3u8"
"ES","Canal Sierra de C谩diz (1080p) [Not 24/7]","https://s.emisoras.tv:8081/sierradecadiz/index.m3u8"
"ES","Canal Sur Andalucia (1080p)","https://dfk2a268yviz9.cloudfront.net/v1/master/3722c60a815c199d9c0ef36c5b73da68a62b09d1/cc-ddiii1m6jt6of/CanalSurAndaluciaES.m3u8"
"ES","Canal Sur Andalucia (720p)","https://live-24-canalsur.interactvty.pro/9bb0f4edcb8946e79f5017ddca6c02b0/26af5488cda642ed2eddd27a6328c93b9c03e9181b9d0a825147a7d978e69202.m3u8"
"ES","Canal Sur Andaluc铆a 2 (720p)","https://cdnlive.codev8.net/rtvalive/smil:channel22.smil/playlist.m3u8"
"ES","Canal Sur Noticias","https://cdnlive.codev8.net/rtvalive/smil:channel42.smil/playlist.m3u8"
"ES","CanalCosta (1080p)","https://5d8d85cf2c308.streamlock.net:1936/CanalcostaTV/endirecto/playlist.m3u8"
"ES","Esport3 (1080p) [Geo-blocked]","https://directes-tv-cat.3catdirectes.cat/live-content/esport3-hls/master.m3u8"
"ES","Esport3 (1080p) [Geo-blocked]","https://directes-tv-cat.3catdirectes.cat/live-origin/esport3-hls/master.m3u8"
"ES","Esport3 (1080p) [Not 24/7]","https://directes-tv-int.3catdirectes.cat/live-content/esport3-hls/master.m3u8"
"ES","Esport3 (1080p) [Not 24/7]","https://directes-tv-int.3catdirectes.cat/live-origin/esport3-hls/master.m3u8"
"ES","Este Canal TV (576p)","http://synclosdragos1.syncsolutions.es:8008/live3/emision/index.m3u8"
"ES","Platzi TV (1080p)","https://mdstrm.com/live-stream-playlist/629a63ae8df27c082901f78b.m3u8"
"ES","Canal Luz Television","https://5f71743aa95e4.streamlock.net:1936/CanalLuz/enDirecto/playlist.m3u8"
"PT","ARTV Canal Parlamento (720p) [Not 24/7]","https://playout172.livextend.cloud/liveiframe/_definst_/liveartvabr/playlist.m3u8"
"PT","Porto Canal (720p)","https://pull-live-156-1.global.ssl.fastly.net/pc5865dc25400thmb-ea6bf03b14fa318f7133/smil:pc1-jhrgyuoqe5865db-68tkgb14fa318f7133f03.smil/playlist.m3u8"
"BR","Canal 25 Jundia铆 (404p) [Not 24/7]","https://stream01.msolutionbrasil.com.br/hls/canal25/live.m3u8"
"BR","Canal 38 (720p)","https://cdn.jmvstream.com/w/LVW-8503/LVW8503_d0V5oduFlK/playlist.m3u8"
"BR","Canal do Criador (1080p)","https://607d2a1a47b1f.streamlock.net/crur/smil:canaldocriador.smil/playlist.m3u8"
"BR","Canal do Inter (720p) [Not 24/7]","https://video01.soultv.com.br/internacional/internacional/playlist.m3u8"
"BR","Canal Educa莽茫o (720p)","https://canaleducacao-stream.ebc.com.br/index.m3u8"
"BR","Canal Gov (720p)","https://canalgov-stream.ebc.com.br/index.m3u8"
"BR","Canal Libras (720p)","https://canallibras-stream.ebc.com.br/mux_video_ts/index-1.m3u8"
"BR","Canal Ricos (480p)","https://5d82644094cc0.streamlock.net/ricostv/ricostv/playlist.m3u8"
"BR","Canal Rural (1080p)","https://607d2a1a47b1f.streamlock.net/crur/smil:canalrural.smil/playlist.m3u8"
"BR","Canal Sa煤de (720p) [Not 24/7]","https://arkyvbre1g.zoeweb.tv/fiocruz/fiocruz.stream/playlist.m3u8"
"BR","SporTV (1280p)","https://stm.sinalmycn.com/21000/video.m3u8?token=EkP2qSi13ckjQRLSIDoxI5rMZsF5rZyEYzqWjxD248ScEUPYQ0"
"BR","SporTV 2 (1280p)","https://stm.sinalmycn.com/21003/video.m3u8?token=EkP2qSi13ckjQRLSIDoxI5rMZsF5rZyEYzqWjxD248ScEUPYQ0"
"BR","SporTV 2 Alternativo (720p)","https://stm.sinalmycn.com/19025/video.m3u8"
"BR","SporTV 3 (1080p)","https://stm.sinalmycn.com/21006/video.m3u8?token=EkP2qSi13ckjQRLSIDoxI5rMZsF5rZyEYzqWjxD248ScEUPYQ0"
"BR","SporTV Alternativo (720p)","https://stm.sinalmycn.com/19024/video.m3u8"
"BR","TV S茫o Raimundo (268p)","https://stmv1.voxtvhd.com.br/9030/9030/playlist.m3u8"
"BR","UniTV Porto Alegre (480p)","http://unitvaovivo.ufrgs.br:8080/live.ogg"
"BR","Canal FDR","https://v-us-01.wisestream.io/memfs/e4ade538-7924-4359-81ef-b9d4dd229e91.m3u8"
"BR","Canal Libras","https://canallibras-stream.ebc.com.br/index.m3u8"
"BR","Canal Saude","https://eitv7.cdn.broadpeak.io/account351-i1495/event/canalsaude/format720p.m3u8"
"BR","Canal Sete","http://play.canalsete.com.br:1935/canalsete/xpl-c7_source/playlist.m3u8"
"BR","Canal Metropolitano de Noticias","https://stmv5.samcast.com.br/claudio8701/claudio8701/playlist.m3u8"
"BR","Canal Rural (1080p)","https://cdn2.easy.tv.br/canalrural/index.m3u8"
"BR","Canal Off (1080p)","http://170.82.202.31/OFF/index.m3u8"
"BR","Band Sports (1080p)","https://cdn-5.nxplay.com.br/BAND_SPORTS/index.m3u8"
"BR","Canal Off (1080p)","http://143.14.178.40:7777/OFF_HD/index.m3u8"
"BR","Canal Brasil (1080p)","http://143.14.178.40:7777/Canal_Brasil_HD/index.m3u8"
"BR","Band Sports (1080p)","http://143.14.178.40:7777/Band_Sports_HD/index.m3u8"
"AR","24/7 Canal de Noticias","https://panel.host-live.com:19360/cn247tv/cn247tv.m3u8"
"AR","Atcco Canal 2","https://ola1.com.ar/atccohd/playlist.m3u8"
"AR","Canal 2 de Ushuaia (1080p)","https://nd106.republicaservers.com:4433/hls/c6611/index.m3u8"
"AR","Canal 2 Misiones (1080p)","https://nd106.republicaservers.com:4433/hls/canal2misioness/index.m3u8"
"AR","Canal 3 La Pampa (1080p)","https://stream.arcast.com.ar/c3lapampa/ngrp:c3lapampa_all/playlist.m3u8"
"AR","Canal 3 Las Heras (720p)","https://stream.arcast.com.ar/canal3/canal3/playlist.m3u8"
"AR","Canal 4 Jujuy","https://5cd577a3dd8ec.streamlock.net/CANAL4/smil:CANAL4.smil/playlist.m3u8"
"AR","Canal 4 Posadas (576p)","https://iptv.ixfo.com.ar:30443/live/C4POS/playlist.m3u8"
"AR","Canal 4 San Juan (576p)","https://streamlov.alsolnet.com/canal4sanjuan/live/playlist.m3u8"
"AR","Canal 5 Del Pueblo [Not 24/7]","https://stmv4.voxtvhd.com.br/canal5pueblo/canal5pueblo/playlist.m3u8"
"AR","Canal 5 Santa Fe (240p)","https://stream.arcast.com.ar/c5sf/c5sf/playlist.m3u8"
"AR","Canal 5 TV Chepes","https://videostream.shockmedia.com.ar:19360/canal5alfatvchepes/canal5alfatvchepes.m3u8"
"AR","Canal 6 Posadas (1080p)","https://iptv.ixfo.com.ar:30443/live/c6digital/playlist.m3u8"
"AR","Canal 7 Jujuy","https://stream.arcast.live/canal7jujuy/ngrp:canal7jujuy_all/playlist.m3u8"
"AR","Canal 7 Neuqu茅n (1080p)","https://stream.arcast.com.ar/c7nq/ngrp:c7nq_all/playlist.m3u8"
"AR","Canal 7 Salta (1080p)","https://vivo.solumedia.com:19360/cooperativa/cooperativa.m3u8"
"AR","Canal 7 Salta (720p)","https://vivo.solumedia.com:19360/canal7salta/canal7salta.m3u8"
"AR","Canal 7 Santiago del Estero (720p)","https://stream.arcast.com.ar/envivo/castv/playlist.m3u8"
"AR","Canal 9 Litoral (720p)","https://stream.arcast.live/ahora/ahora/playlist.m3u8"
"AR","Canal 9 Resistencia (720p)","http://coninfo.net:1935/9linklivert/smil:9linkmultibr.smil/playlist.m3u8"
"AR","Canal 10 Cordoba","https://stream.arcast.net:4443/canal10/ngrp:canal10_all/playlist.m3u8"
"AR","Canal 11 de la Costa (720p)","https://vivo.solumedia.com:19360/dadaproductora/dadaproductora.m3u8"
"AR","Canal 12 Puerto Madryn (720p) [Not 24/7]","https://5f700d5b2c46f.streamlock.net/madryntv/madryntv/playlist.m3u8"
"AR","Canal 13 Jujuy TV (720p)","https://genexservicios.com:19360/canal13jujuy/canal13jujuy.m3u8"
"AR","Canal 13 La Rioja (480p)","http://arcast.net:1935/mp/mp/playlist.m3u8"
"AR","Canal 13 San Luis","https://stream.radiosmundiales.com:19360/sanluismas/sanluismas.m3u8"
"AR","Canal 21 TV (1080p)","https://iptv.ixfo.com.ar:30443/c21tv/hd/c21tv/playlist.m3u8"
"AR","Canal 22 (720p)","https://5f700d5b2c46f.streamlock.net/canal22/canal22/playlist.m3u8"
"AR","Canal 26 (1080p)","https://stream-gtlc.telecentro.net.ar/hls/canal26hls/main.m3u8"
"AR","Canal 26","https://stream-gtlc.telecentro.net.ar/hls/canal26hls/0/playlist.m3u8"
"AR","Canal 34 San Juan (720p)","https://streamyes.alsolnet.com/canal34hd/live/playlist.m3u8"
"AR","Canal 79 La Costa (240p)","https://streamconex.com:19360/lacosta/lacosta.m3u8"
"AR","Canal 79 Mar del Plata","https://streamconex.com:19360/mardelplata/mardelplata.m3u8"
"AR","Canal 79 Puan (240p)","https://streamconex.com:19360/puan/puan.m3u8"
"AR","Canal 79 Santa Clara del Mar (240p)","https://streamconex.com:19360/santaclara-1/santaclara-1.m3u8"
"AR","Canal E (720p)","https://unlimited1-us.dps.live/perfiltv/perfiltv.smil/playlist.m3u8"
"AR","Canal Orbe 21","https://stream.arcast.net:4443/canal21/ngrp:canal21_all/playlist.m3u8"
"AR","Canal Provincial (360p)","https://streaming.telered.com.ar/provincial/streaming/mystream.m3u8"
"AR","Canal Pulpo TV","https://vs20.live.opencaster.com/canalpulpotv_bdeee6e2/index.m3u8"
"AR","Canal Santa Mar铆a (360p)","https://streaming.telered.com.ar/santa-maria/streaming/mystream.m3u8"
"AR","Radiocanal San Francisco (1080p)","http://204.199.3.2/.m3u8"
"AR","Sicardi TV (720p)","https://vivo.solumedia.com:19360/sicarditv/sicarditv.m3u8"
"AR","Telefe Rosario [Geo-blocked]","https://cdn-cirion01.sensa.com.ar/output/ARR2/TelefeRosarioH/playlist.m3u8"
"AR","TyC Sports (1080p) [Geo-blocked]","https://live-04-11-tyc24.vodgc.net/tyc24/index_tyc24_1080.m3u8"
"AR","TyC Sports (1080p)","https://amg26268-amg26268c14-freelivesports-emea-10267.playouts.now.amagi.tv/ts-us-e2-n2/playlist/amg26268-sportsstudio-tycsports-freelivesportsemea/playlist.m3u8"
"AR","TyC Sports USA","http://45.170.130.224:8000/play/a020/index.m3u8"
"AR","Canal 2 Gualeguay","https://stream.arcast.net:4443/gualeguay/gualeguay/playlist.m3u8"
"AR","Canal 2 Mar del Plata","https://tv.streamcasthd.com:3641/live/canal2mdplive.m3u8"
"AR","Canal 3 Pinamar","http://intelincloud01.com.ar/hls/cn3/index.m3u8"
"AR","Canal 3 Tacural","http://vivo.canal3tacural.com.ar:8081/hls/stream.m3u8"
"AR","Canal 4 Teleaire","https://stmvideo6.livecastv.com/canal4/canal4/playlist.m3u8"
"AR","Canal 10 Mar del Plata","https://g1.mc-hor.transport.edge-access.net/a12/ngrp:canal10mdq-100044_all/Playlist.m3u8?sense=true"
"AR","Canal 12 Web","https://nd106.republicaservers.com:4433/c7827.mp4"
"AR","Canal 50 Morteros","https://online.coopmorteros.coop/canal50/vivo.m3u8"
"AR","Canal 99 Miramar","https://vivo.solumedia.com:19360/cardinal/cardinal.m3u8"
"AR","Canal TDC","https://tdcserver.com:19360/tdconlione-2/tdconlione-2.m3u8"
"AR","Canal Universidad","https://videostream.shockmedia.com.ar/hls/canaluniversidadmdp/canaluniversidadmdp.m3u8"
"AR","Itel TV Canal 2","https://proxystream.iteltv.com.ar/output/iteltv/playlist.m3u8"
"AR","Canal 3 Formosa","https://stmvideo6.livecastv.com/agenfor/agenfor/playlist.m3u8"
"AR","Telpin TV Canal 2 HD (720p)","https://mistserver.telpin.com.ar:8443/hls/telpinlive/index.m3u8"
"AR","Canal Luz","https://g4.vxral-hor.transport.edge-access.net/a11/ngrp:canal_luz01-100009_all/Playlist.m3u8"
"AR","Telefe (1080p)","http://playcom.trapemn.tv:1935/transcoderip/telefe.stream/playlist.m3u8"
"AR","TyC Sports (1080p)","http://playcom.trapemn.tv:1935/transcoderip/tycsports.stream/playlist.m3u8"
"AR","Canal A (1080p)","https://edgectc.com/CANAL_A/index.m3u8"
"TR","脟ift莽i TV (1080p) [Not 24/7]","http://stream.taksimbilisim.com:1935/ciftcitv/smil:ciftcitv.smil/playlist.m3u8"
"TR","脟ift莽i TV (720p) [Not 24/7]","https://live.artidijitalmedya.com/artidijital_ciftcitv/ciftcitv/playlist.m3u8"
"TR","Deniz Postas谋 TV (720p) [Not 24/7]","https://live.artidijitalmedya.com/artidijital_denizpostasi/denizpostasi/playlist.m3u8"
"TR","HTSpor TV (1080p)","https://ciner.daioncdn.net/ht-spor/ht-spor.m3u8?app=web"
"TR","S Sport","https://bcovlive-a.akamaihd.net/540fcb034b144b848e7ff887f61a293a/eu-central-1/6415845530001/profile_0/chunklist.m3u8"
"TR","S Sport 2","https://bcovlive-a.akamaihd.net/29c60f23ea4840ba8726925a77fcfd0b/eu-central-1/6415845530001/profile_0/chunklist.m3u8"
"TR","Sports TV (720p) [Geo-blocked]","https://live.sportstv.com.tr/hls/low/sportstv.m3u8"
"TR","Trabzon Buyuksehir Belediyesi TV (1080p)","https://tv191.radyotelekom.com.tr:3612/stream/play.m3u8"
"TR","TRT 1 (1080p)","https://tv-trt1.medya.trt.com.tr/master.m3u8"
"TR","TRT 3 (720p)","https://tv-trt3.live.trt.com.tr/master.m3u8"
"TR","TRT Arabi (1080p) [Not 24/7]","https://tv-trtarabi.medya.trt.com.tr/master.m3u8"
"TR","TRT Avaz (720p)","https://tv-trtavaz.medya.trt.com.tr/master.m3u8"
"TR","TRT Belgesel (720p)","https://tv-trtbelgesel.medya.trt.com.tr/master.m3u8"
"TR","TRT 脟ocuk (720p)","https://tv-trtcocuk.medya.trt.com.tr/master.m3u8"
"TR","TRT Diyanet 脟ocuk (720p)","https://tv-trtdiyanetcocuk.medya.trt.com.tr/master.m3u8"
"TR","TRT EBA Ilkokul (720p)","https://tv-e-okul00.medya.trt.com.tr/master.m3u8"
"TR","TRT EBA Lise (720p)","https://tv-e-okul02.medya.trt.com.tr/master.m3u8"
"TR","TRT EBA Ortaokul (720p)","https://tv-e-okul01.medya.trt.com.tr/master.m3u8"
"TR","TRT Haber (720p)","https://tv-trthaber.medya.trt.com.tr/master.m3u8"
"TR","TRT Kurd卯 (720p)","https://tv-trtkurdi.medya.trt.com.tr/master.m3u8"
"TR","TRT M眉zik (720p)","https://tv-trtmuzik.medya.trt.com.tr/master.m3u8"
"TR","TRT Spor (1080p) [Geo-blocked]","https://tv-trtspor1.medya.trt.com.tr/master.m3u8"
"TR","TRT Spor Yildiz (1080p) [Geo-blocked]","https://tv-trtspor2.medya.trt.com.tr/master.m3u8"
"TR","TRT T眉rk (720p)","https://tv-trtturk.medya.trt.com.tr/master.m3u8"
"TR","TRT World (1080p) [Not 24/7]","https://tv-trtworld.medya.trt.com.tr/master.m3u8"
"TR","TRT Muzik","https://stream8.cinerama.uz/1208/tracks-v1a1/mono.m3u8"
"AE","Sharjah Sports (1080p) [Geo-blocked]","https://svs.itworkscdn.net/smc4sportslive/smc4tv.smil/playlist.m3u8"
"AE","Sky News Arabia (Portrait) (1280p) [Not 24/7]","https://stream.skynewsarabia.com/vertical/vertical.m3u8"
"AE","Dubai TV International (1080p)","http://185.9.2.18/chid_139/index.m3u8"
"AE","Abu Dhabi TV","http://185.9.2.18/chid_326/index.m3u8"
"QA","Al Jazeera (1080p)","https://live-hls-apps-aja-fa.getaj.net/AJA/01.m3u8"
"QA","Al Jazeera (1080p)","https://live-hls-apps-aja-fa.getaj.net/AJA/index.m3u8"
"QA","Al Jazeera (1080p)","https://live-hls-apps-aja-v3-fa.getaj.net/AJA/index.m3u8"
"QA","Al Jazeera (1080p)","https://live-hls-web-aja-fa.thehlive.com/AJA/index.m3u8"
"QA","Al Jazeera 2 (1080p)","https://live-hls-web-aja2-gcp.thehlive.com/AJA2/index.m3u8"
"QA","Al Jazeera Arabic (1080p)","https://live-hls-v3-aja.getaj.net/AJA-V3/index.m3u8"
"QA","Al Jazeera Arabic (1080p)","https://live-hls-web-aja.getaj.net/AJA/index.m3u8"
"QA","Al Jazeera Documentary (1080p) [Geo-blocked]","https://live-hls-apps-ajd-fa.getaj.net/AJD/index.m3u8"
"QA","Al Jazeera Documentary (1080p) [Geo-blocked]","https://live-hls-apps-ajd-v3-fa.getaj.net/AJD/index.m3u8"
"QA","Al Jazeera Documentary (1080p) [Geo-blocked]","https://live-hls-web-ajd-fa.thehlive.com/AJD/index.m3u8"
"QA","Al Jazeera Documentary (1080p) [Geo-blocked]","https://live-hls-web-ajd.getaj.net/AJD/index.m3u8"
"QA","Al Jazeera English (1080p)","https://live-hls-apps-aje-fa.getaj.net/AJE/index.m3u8"
"QA","Al Jazeera English (1080p)","https://live-hls-apps-aje-v3-fa.getaj.net/AJE/index.m3u8"
"QA","Al Jazeera English (1080p)","https://live-hls-web-aje-fa.thehlive.com/AJE/index.m3u8"
"QA","Al Jazeera English","https://cdn-7.pishow.tv/live/429/master.m3u8"
"QA","Al Jazeera English","https://d1cy85syyhvqz5.cloudfront.net/v1/master/7b67fbda7ab859400a821e9aa0deda20ab7ca3d2/aljazeeraLive/AJE/index.m3u8"
"QA","Al Jazeera Mubasher (1080p)","https://live-hls-apps-ajm-fa.getaj.net/AJM/index.m3u8"
"QA","Al Jazeera Mubasher (1080p)","https://live-hls-apps-ajm-v3-fa.getaj.net/AJM/index.m3u8"
"QA","Al Jazeera Mubasher (1080p)","https://live-hls-web-ajm-fa.thehlive.com/AJM/index.m3u8"
"QA","Al Jazeera Mubasher (1080p)","https://live-hls-web-ajm.getaj.net/AJM/index.m3u8"
"QA","Al Jazeera Mubasher 24 (1080p)","https://live-hls-apps-ajm24-fa.getaj.net/AJM24/index.m3u8"
"QA","Al Jazeera Mubasher 24 (1080p)","https://live-hls-web-ajm24-fa.getaj.net/AJM24/index.m3u8"
"QA","Al Jazeera Mubasher 24 (1080p)","https://live-hls-web-ajm24-fa.thehlive.com/AJM24/index.m3u8"
"QA","Al Jazeera Mubasher Broadcast 2 (1080p)","https://live-hls-apps-ajm2-fa.getaj.net/AJM2/index.m3u8"
"QA","Al Jazeera Mubasher Broadcast 2 (1080p)","https://live-hls-web-ajm2-fa.getaj.net/AJM2/index.m3u8"
"QA","Al Jazeera Mubasher Broadcast 2 (1080p)","https://live-hls-web-ajm2-fa.thehlive.com/AJM2/index.m3u8"
"QA","Alkass Five (1080p)","https://liveeu-gcp.alkassdigital.net/alkass5-p/main.m3u8"
"QA","Alkass Four (1080p)","https://liveeu-gcp.alkassdigital.net/alkass4-p/main.m3u8"
"QA","Alkass One (1080p)","https://liveeu-gcp.alkassdigital.net/alkass1-p/main.m3u8"
"QA","Alkass Seven (1080p)","https://liveeu-gcp.alkassdigital.net/alkass7-p/main.m3u8"
"QA","Alkass SHOOF (1080p)","https://liveeu-gcp.alkassdigital.net/shooflive/main.m3u8"
"QA","Alkass SHOOF 2 (1080p)","https://liveeu-gcp.alkassdigital.net/shooflive2/main.m3u8"
"QA","Alkass Six (1080p)","https://liveeu-gcp.alkassdigital.net/alkass6-p/main.m3u8"
"QA","Alkass Three (1080p)","https://liveeu-gcp.alkassdigital.net/alkass3-p/main.m3u8"
"QA","Alkass Three (720p)","https://streamer2.qna.org.qa/148161470_live/148161470_296.sdp/playlist.m3u8"
"QA","Alkass Two (1080p)","https://liveeu-gcp.alkassdigital.net/alkass2-p/main.m3u8"
"NL","HTR TV (720p)","https://ms7.mx-cd.net/tv/286-3043214/HTR_Media_TV.smil/playlist.m3u8"
"NL","Omroep Hoeksche Waard (480p)","https://ms2.mx-cd.net/tv/272-2641704/Hoeksche_Waard_TV.smil/playlist.m3u8"
"NL","Omroep Lingewaard (720p)","https://highvolume02.streampartner.nl/omroeplingewaard_1/omroeplingewaard_1/playlist.m3u8"
"NL","袛芯卸写褜 (1080p) [Geo-blocked]","https://wl.tvrain.tv/transcode/ngrp:ses_all/playlist.m3u8"
"PL","Bialogardzka Telewizja Kablowa (1080p)","https://bsmbialogard.pl/live/index.m3u8"
"PL","Polsat Sport 1 (1080p) [Geo-blocked]","http://cdn-s-lb2.pluscdn.pl/lv/1544303/939/dash/7f74b079/live.mpd"
"PL","Polsat Sport Premium 1","https://test.946985.filegear-sg.me/proxy/2d01a86f2b919823"
"PL","Polsat Sport Premium 2","https://test.946985.filegear-sg.me/proxy/0d12c4e1bf16ebac"
"PL","TVP Sport (1080p)","https://estreams.tv.nej.cz/dash/CH_TVP_SPORT_Portable.ism/playlist.mpd"
"PL","TVP Sport (1080p)","https://srv7.flussonic111.com/PL_TVP_SPORT_HD/index.m3u8"
"PL","TVP Sport (1080p) [Not 24/7]","http://88b9da48.kazmazpaz.ru/iptv/XVU58NBPX2LUMP/7280/index.m3u8"
"PL","Polsat Sport 1 (1080p) [Not 24/7]","http://88b9da48.kazmazpaz.ru/iptv/XVU58NBPX2LUMP/7296/index.m3u8"
"PL","Polsat Sport 2 (1080p) [Not 24/7]","http://88b9da48.kazmazpaz.ru/iptv/XVU58NBPX2LUMP/7310/index.m3u8"
"PL","Polsat Sport 3 (1080p) [Not 24/7]","http://88b9da48.kazmazpaz.ru/iptv/XVU58NBPX2LUMP/7303/index.m3u8"
"PL","Polsat Sport Fight (1080p) [Not 24/7]","http://88b9da48.kazmazpaz.ru/iptv/XVU58NBPX2LUMP/7311/index.m3u8"
"PL","Polsat Sport Premium 1 (1080p) [Not 24/7]","http://88b9da48.kazmazpaz.ru/iptv/XVU58NBPX2LUMP/7304/index.m3u8"
"PL","Polsat Sport Premium 2 (1080p) [Not 24/7]","http://88b9da48.kazmazpaz.ru/iptv/XVU58NBPX2LUMP/7305/index.m3u8"
"PL","Sport Klub (1080p) [Not 24/7]","http://88b9da48.kazmazpaz.ru/iptv/XVU58NBPX2LUMP/2521/index.m3u8"
"PL","Polsat Sport Premium 1 (1080p)","http://91.146.94.234:10001/play/a05a"
"PL","Polsat Sport Premium 2 (1080p)","http://91.146.94.234:10001/play/a05b"
"PL","Polsat Sport Extra 1 (1080p)","http://91.146.94.234:10001/play/a07r"
"PL","Polsat Sport Extra 2 (1080p)","http://91.146.94.234:10001/play/a07s"
"PL","Polsat Sport Extra 3 (1080p)","http://91.146.94.234:10001/play/a07a"
"PL","Polsat Sport Extra 4 (1080p)","http://91.146.94.234:10001/play/a07b"
"RU","袗褋褌褉邪褏邪薪褜.Ru Sport (720p)","https://streaming.astrakhan.ru/astrakhanrusporthd/playlist.m3u8"
"RU","viju+ Sport","https://stream8.cinerama.uz/1229/tracks-v1a1/mono.m3u8"
"IN","Chardikla Gurbaani TV (1080p)","https://chardikalatimestv.gigabitcdn.net/in-chardikala/chardikala-gurbani-tv/playlist.m3u8"
"IN","Chardikla Time TV (1080p)","https://chardikalagurbanitv.gigabitcdn.net/in-chardikala/chardikala-timetv/playlist.m3u8"
"IN","Chardikla Time TV","https://cdn-4.pishow.tv/live/1627/master.m3u8"
"IN","Chardikla Time TV North America (1080p)","https://chardikalanorthamerica.gigabitcdn.net/in-chardikala/chardikala-north-usa/playlist.m3u8"
"IN","DD Sports SD (720p)","http://103.213.31.109:90/ZeeAnmolCinema2/playlist.m3u8"
"IN","Divyavani TV (576p)","https://mumbai-edge.smartplaytv.in/Divyavani/index.m3u8"
"IN","Hamdard TV (1080p)","https://tv.hamdardtv.com/hamdard/index.m3u8"
"IN","Ishwar Bhakti TV (720p)","https://6n3yow8pl9ok-hls-live.5centscdn.com/ishwartvlive/tv.stream/playlist.m3u8"
"IN","Ishwar Bhakti TV","https://cdn-2.pishow.tv/live/1464/master.m3u8"
"IN","Jothi TV (1080p)","http://103.154.3.101:5001/live/2768.m3u8"
"IN","Khabrain Abhi Tak (396p)","https://d1msejlow1t3l4.cloudfront.net/fta/khabreinabhitak/playlist.m3u8"
"IN","Nambikkai TV (576p)","https://mumt02.tangotv.in/NAMBIKKAITV/index.m3u8"
"IN","Nambikkai TV","https://cdn-3.pishow.tv/live/1389/master.m3u8"
"IN","Namdhari (404p) [Not 24/7]","https://namdhari.tv/live/sbs1.m3u8"
"IN","Oli TV (1080p)","https://live.olidigital.in/olitv/olitv/index.m3u8"
"IN","Puthiya Thalaimurai (576p)","https://segment.yuppcdn.net/240122/puthiya/playlist.m3u8"
"IN","Puthiya Thalaimurai","https://cdn-3.pishow.tv/live/1261/master.m3u8"
"IN","Safari TV (480p) [Not 24/7]","https://j78dp346yq5r-hls-live.5centscdn.com/safari/live.stream/playlist.m3u8"
"IN","Safari TV","https://cdn-6.pishow.tv/live/1513/master.m3u8"
"IN","Sai TV (576p)","https://mumt03.tangotv.in/SAITVTAMILDEVOTIONAL/index.m3u8"
"IN","Sai TV","https://cdn-3.pishow.tv/live/1235/master.m3u8"
"IN","Sakshi TV (576p)","https://yuppmedtaorire.akamaized.net/v1/master/a0d007312bfd99c47f76b77ae26b1ccdaae76cb1/sakshi_nim_https/240122/sakshi/playlist.m3u8"
"IN","Sakshi TV","https://cdn-1.pishow.tv/live/409/master.m3u8"
"IN","Shalini TV (576p)","https://stream.singamcloud.in/shalinitv/shalinitv/index.m3u8"
"IN","Sirippoli TV (576p)","http://ptuf.ridsys.in/riptv/live/KALAIGNAR_SIRIPOLI/index.m3u8"
"IN","Sirippoli TV (576p)","https://segment.yuppcdn.net/240122/siripoli/playlist.m3u8"
"IN","Sony Sports Ten 3 Hindi (576p)","http://103.229.254.25:7001/play/a09q/index.m3u8"
"IN","Star Sports 1 (720p)","https://tvsen7.aynaott.com/sspts1/index.m3u8"
"IN","Star Sports 1 HD (1080p)","http://103.253.18.58:8000/play/a00m"
"IN","Star Sports 1 Hindi (576p)","http://103.253.18.58:8000/play/a03o"
"IN","Star Sports 2 HD (720p)","https://tvsen7.aynaott.com/ssport2hd/index.m3u8"
"IN","Star Sports 2 Hindi HD (1080p)","http://103.157.248.140:8000/play/a01m/index.m3u8"
"IN","Subharti TV (576p)","https://mumt04.tangotv.in/SUBHARTITV/index.m3u8"
"IN","Sai TV","https://account31.livebox.co.in/saitvhls/live.m3u8"
"IN","Kairali TV (576p)","https://mumt01.tangotv.in/O5aw8Zn3KAIRALI/index.m3u8"
"IN","Puthiya Thalaimurai (576p)","https://mumt07.tangotv.in/zHjX9OFlPUTHIYAEXPRESS/index.m3u8"
"IN","Unite8 Sports 2 HD","https://mini.allinonereborn.fun/tata.php?id=11624"
"IN","DD Sports SD (576p)","https://trs1.aynaott.com/ddsports/index.m3u8"
"CZ","膶T Sport (720p)","http://88.212.15.19/live/test_ctsport_25p/playlist.m3u8"
"CZ","Sporty TV","https://dash2.antik.sk/live/sporty_tv/index.m3u8"
"SK",":艩port (1080p)","http://88.212.15.27/live/test_rtvs_sport_hevc/playlist.m3u8"
"HU","Bajai TV (720p)","https://cloudfront41.lexanetwork.com:1344/relay01/livestream002.sdp/playlist.m3u8"
"HU","Gy枚ngy枚si TV (576p)","https://cloudfront41.lexanetwork.com:1344/relay02/livestream005.sdp/playlist.m3u8"
"HU","H茅v铆zi TV (1080p)","https://cloudfront44.lexanetwork.com:1344/relay03/livestream003.sdp/playlist.m3u8"
"HU","J谩szs谩gi T茅rs茅gi TV (440p)","https://cloudfront44.lexanetwork.com:1344/relay01/broadcast007.sdp/playlist.m3u8"
"HU","Kecskemeti TV (416p) [Not 24/7]","http://rtmp1.40e.hu:8000/live/ktv.m3u8"
"HU","Kecskemeti TV (416p) [Not 24/7]","https://eurobioinvest.hu:444/live/ktv.m3u8"
"HU","M4 Sport","http://88.212.15.19/live/m4_hun/index.m3u8"
"HU","脫zdi V谩rosi TV (720p) [Not 24/7]","http://stream.nmih.hu:7980/live.m3u8"
"HU","Sport 1 (1280p)","http://46.149.191.217:9005/play/a017"
"HU","Tatai TV (1080p)","https://cloudfront44.lexanetwork.com:1344/relay01/broadcast006.sdp/playlist.m3u8"
"HU","Zalaegerszegi TV (360p)","https://cloudfront44.lexanetwork.com:1344/freerelay/zegtv.sdp/playlist.m3u8"
"HU","Sport 1","http://46.149.191.217:9018/play/a01d"
"HU","Sport 2","http://46.149.191.217:9018/play/a01e"
"GR","ERT Sports 1 (1080p)","http://hbbtvapp.ert.gr/stream.php/v/vid_ertsports_mpeg.2ts"
"GR","ERT Sports 2 (1080p)","http://hbbtvapp.ert.gr/stream.php/v/vid_ertplay2_mpeg.2ts"
"GR","Gnomi TV (1080p)","https://live.streams.ovh:8081/gnomitv/index.m3u8"
"GR","Kriti TV (1080p)","https://cretetvlive.siliconweb.com/cretetv/liveabr/playlist.m3u8"
"GR","Naftemporiki TV (1080p)","https://telmaco.ascdn.broadpeak.io/nafteboriki/default/index.m3u8"
"GR","Notioi TV (1080p)","https://srv.streamserver.gr:3451/stream/play.m3u8"
"GR","Samiaki TV (540p) [Not 24/7]","http://live.cast-control.eu:1935/samiaki/samiaki/playlist.m3u8"
"GR","Skai TV (720p)","http://skai-live-back.siliconweb.com/media/cambria4/index.m3u8"
"GR","Skai TV (720p)","http://skai-live.siliconweb.com/media/cambria4/index.m3u8"
"GR","TRT (720p)","https://av.hellasnet.tv/rst/trt/main_stream.m3u8"
"RO","AntenaSport (1280p) [Not 24/7]","https://hls.rundletv.eu.org/LIVE$AntenaSport/6.m3u8/Level/300720051?end=END&start=LIVE"
"RO","Ardeal TV (480p)","https://frn.rtsp.me/wzhx8pmNF7-kstp_J0AdjA/1695647213/hls/yZ9ED27Q.m3u8"
"RO","IasiTV Life (1080p) [Not 24/7]","https://tv.streambox.ro/hls/itv/index.m3u8"
"RO","Realitatea Sportiva (720p)","https://stream.realitatea.net/realitatea/sportiva_md/ts:playlist.m3u8"
"RO","TVR Craiova","https://tvr-craiova.lg.mncdn.com/tvrcraiova/smil:tvrcraiova.smil/chunklist_b5160000.m3u8"
"RO","TVR Sport","https://tvr-sport.lg.mncdn.com/tvrsport/smil:tvrsport.smil/chunklist_b5160000.m3u8"
"RO","Digi Sport 1 [Not 24/7]","http://315e5a5d.ottrast.com/iptv/MM4E93NGF5LADZ/2523/index.m3u8"
"RO","Digi Sport 2 [Not 24/7]","http://315e5a5d.ottrast.com/iptv/MM4E93NGF5LADZ/2522/index.m3u8"
"RO","Digi Sport 3 [Not 24/7]","http://315e5a5d.ottrast.com/iptv/8XFKA8883W9M5K/2524/index.m3u8"
"RO","Digi Sport 4 [Not 24/7]","http://315e5a5d.ottrast.com/iptv/8XFKA8883W9M5K/2538/index.m3u8"
"RO","Digi Sport 1 HD","http://91.201.172.14:35005"
"RO","Digi Sport 2 HD","http://91.201.172.14:35006"
"UA","Channel 7 Ukraine (720p)","http://cdn10.live-tv.od.ua:8081/7tvod/7tvod-abr/7tvod/7tvod/playlist.m3u8"
"UA","Channel 7 Ukraine (720p)","https://cdn15.live-tv.cloud/ua_infinitas_tv/7tvod-abr/playlist.m3u8"
"UA","ITV (480p)","https://cdn10.live-tv.cloud/itvrv/abr-lq/playlist.m3u8"
"UA","ITV HD","http://cdn10.live-tv.od.ua:8081/itvrv/abr/playlist.m3u8"
"UA","Suspilne. Donbas","https://iptv.prosto.tv/ch191/tracks-v1a1/mono.m3u8?21yo=1&e=1783350581&id=742347&ip=178.136.40.86&live=1&secret=vu2y5m72&st=FOBLjQZsAj97omf627Quzg"
"UA","Suspilne. Ivano-Frankivsk (1080p)","https://iptv.prosto.tv/ch96/tracks-v1a1/mono.m3u8?21yo=0&e=1783094347&id=921239&ip=5.63.189.224&live=1&secret=z6vxuhnm&st=kGRjEFP8_5qe3vEINbXwBQ"
"UA","Suspilne. Kyiv (360p)","https://live-nstu.cdn-03.cosmonova.net.ua/mobile-app/main/nstu-kyiv/master.m3u8"
"UA","Suspilne. Lutsk","https://iptv.prosto.tv/ch222/tracks-v1a1/mono.m3u8?21yo=0&e=1783108254&id=921233&ip=178.136.40.86&live=1&secret=9szoe89y&st=xvdqQHExhHEv8FDqvbjDbg"
"UA","Suspilne. Lviv (1080p) [Not 24/7]","http://91.146.94.234:10001/play/a00l"
"UA","Suspilne. Mykolaiv (1080p)","https://iptv.prosto.tv/ch211/tracks-v1a1/mono.m3u8?21yo=0&e=1783194414&id=921239&ip=5.63.189.224&live=1&secret=f8z1l7gk&st=Lz1QtjfblUmkawUbk1Mx6w"
"UA","Suspilne. Rivne (1080p)","https://iptv.prosto.tv/ch229/tracks-v1a1/mono.m3u8?21yo=1&e=1783195240&id=921239&ip=5.63.189.224&live=1&secret=f8z1l7gk&st=4RqJ6hzZ9REJQe0f8U3fTw"
"UA","Suspilne. Sport","https://iptv.prosto.tv/ch112/tracks-v2a1/mono.m3u8?21yo=0&e=1783247457&id=921233&ip=178.136.40.86&live=1&secret=9szoe89y&st=jPS6nYqNZLDECF8uSDa74g"
"UA","Suspilne. Vinnytsia","https://iptv.prosto.tv/ch188/tracks-v1a1/mono.m3u8?21yo=0&e=1783247585&id=921233&ip=178.136.40.86&live=1&secret=9szoe89y&st=u4uN-dkUOQb4cDe7lNCaeg"
"UA","Suspilne. Zaporizhzhya (1080p)","https://iptv.prosto.tv/ch187/tracks-v1a1/mono.m3u8?21yo=1&e=1783094937&id=921239&ip=5.63.189.224&live=1&secret=z6vxuhnm&st=EzFtzQG2T03aIIo4Sdn-OQ"
"UA","Suspilne. Zhytomyr (1080p)","https://iptv.prosto.tv/ch183/tracks-v1a1/mono.m3u8?21yo=1&e=1783094567&id=921239&ip=5.63.189.224&live=1&secret=z6vxuhnm&st=eSKzulrNBzvGLO-irrW1Fg"
"UA","TBN 校泻褉邪褩薪邪 (720p)","https://5d23269b3ec0c.streamlock.net/WEB_Ukraine24/ngrp:Ukraine24.stream-adaptive/playlist.m3u8"
"UA","Telekanal RAI (480p)","https://stream.rai.ua/rai/stream.m3u8"
"UA","袧邪写懈褟/袧芯胁褘泄 泻邪薪邪谢 (576p) [Not 24/7]","http://nadiya.home-net.com.ua/mob/mystream.m3u8"
"UA","MEGOGO Sport [Geo-blocked]","http://471ccec7.tvclub.xyz/iptv/BUYS9YTNABMC25/31612/index.m3u8"
